filename,idle,compute
data/distributed_verifier_107.23.5.61.log,31.876547000000002,259.01714599999997
data/distributed_verifier_18.204.196.175.log,57.44824099999999,244.89348999999996
